layers,memory,seed,T,mode,family,cos,rel,norm,energy_share
1,0,2,2,trace,embedding,0.999999978252473,6.057252377041888e-08,0.9999999035633165,0.1645330659723628
1,0,2,2,trace,decoder,1.000000063690257,0.0,0.9999999999991104,0.5442485959194535
1,0,2,2,trace,decay,1.0000000536562226,1.387368209942965e-09,0.9999999999523305,0.0001895307883451389
1,0,2,2,trace,phase,0.9999999271808576,0.0,0.9999999999143028,5.864485567907371e-05
1,0,2,2,trace,write,0.9928814658663982,0.1201792927774944,1.0089096537355275,0.0006333201868190259
1,0,2,2,trace,phase_controller,0.9999999649251727,0.0,0.9999999999751853,0.0006994286492533487
1,0,2,2,trace,other,0.9999999943724904,0.0,0.9999999999987806,0.2896376227244131
1,0,2,2,trace,predictor,0.0,0.0,0.0,0.0
1,0,2,2,instant,embedding,0.9855322056872364,0.17599315098848328,0.9381288048439971,0.1645330659723628
1,0,2,2,instant,decoder,1.000000063690257,0.0,0.9999999999991104,0.5442485959194535
1,0,2,2,instant,decay,0.5146939642425991,0.9955495891095297,1.0206868364508221,0.0001895307883451389
1,0,2,2,instant,phase,0.9999999271808576,0.0,0.9999999999143028,5.864485567907371e-05
1,0,2,2,instant,write,0.8497074478420547,0.5394826294009524,0.9639198512698246,0.0006333201868190259
1,0,2,2,instant,phase_controller,0.9999999649251727,0.0,0.9999999999751853,0.0006994286492533487
1,0,2,2,instant,other,0.9999999943724904,0.0,0.9999999999987806,0.2896376227244131
1,0,2,2,instant,predictor,0.0,0.0,0.0,0.0
1,0,2,4,trace,embedding,0.9999999449450486,6.400117904578087e-08,0.9999999999971466,0.10577542826081993
1,0,2,4,trace,decoder,1.0000000567968073,2.873393962262203e-08,0.9999999999988373,0.6370651225591096
1,0,2,4,trace,decay,0.9999999948520105,1.247334844045633e-07,0.9999999998802312,6.0040766397979226e-05
1,0,2,4,trace,phase,1.0000000802102542,3.392558613128928e-10,0.9999999999766865,0.0015845942884820721
1,0,2,4,trace,write,0.9788264608185779,0.209513561303587,1.0235166864430036,0.00037405460206025985
1,0,2,4,trace,phase_controller,0.9999999210365719,5.2042682550646924e-08,0.9999998959140027,0.01765413291044158
1,0,2,4,trace,other,1.0000000945892995,4.990855302350057e-08,0.9999999999980957,0.2374879401372689
1,0,2,4,trace,predictor,0.0,0.0,0.0,0.0
1,0,2,4,instant,embedding,0.9867273334337489,0.1624613184295288,0.9817590603648969,0.10577542826081993
1,0,2,4,instant,decoder,1.0000000567968073,2.873393962262203e-08,0.9999999999988373,0.6370651225591096
1,0,2,4,instant,decay,0.5970618589171152,0.9922668184548473,1.1810794105042084,6.0040766397979226e-05
1,0,2,4,instant,phase,0.9715536618123953,0.2417646046715045,1.020202496534587,0.0015845942884820721
1,0,2,4,instant,write,0.947645545724084,0.9234497515350142,1.8141279409623208,0.00037405460206025985
1,0,2,4,instant,phase_controller,0.9714660995078074,0.2493254899372006,1.0483401218796093,0.01765413291044158
1,0,2,4,instant,other,1.0000000945892995,4.990855302350057e-08,0.9999999999980957,0.2374879401372689
1,0,2,4,instant,predictor,0.0,0.0,0.0,0.0
1,0,2,8,trace,embedding,1.0000000968710692,1.0432436768893305e-07,0.9999999999964005,0.10567798728119532
1,0,2,8,trace,decoder,0.9999999492115956,7.621429366875184e-08,0.999999901460355,0.50099259353522
1,0,2,8,trace,decay,0.9999999656065934,2.0892422067528783e-07,0.9999999997826059,2.8972327060623996e-05
1,0,2,8,trace,phase,0.9999999557510197,6.98911410824123e-08,0.9999999374806001,0.019451169461100898
1,0,2,8,trace,write,0.9036540752424576,0.4349705583236372,0.9797481580164634,0.0022636203001785383
1,0,2,8,trace,phase_controller,1.000000039737665,3.8187359034498396e-08,0.9999999242126218,0.21174545925536664
1,0,2,8,trace,other,0.9999999303212858,8.401328386099464e-08,1.0000000872228951,0.1598411468809065
1,0,2,8,trace,predictor,0.0,0.0,0.0,0.0
1,0,2,8,instant,embedding,0.8901137574660578,0.45783988336077286,0.8462941490123818,0.10567798728119532
1,0,2,8,instant,decoder,0.9999999492115956,7.621429366875184e-08,0.999999901460355,0.50099259353522
1,0,2,8,instant,decay,-0.12481111525507838,1.5696359553118775,1.0914680476114305,2.8972327060623996e-05
1,0,2,8,instant,phase,0.9378517677185683,0.5978071637817063,0.4510876040504794,0.019451169461100898
1,0,2,8,instant,write,0.849782525362362,0.5384066500980234,0.7401816983226395,0.0022636203001785383
1,0,2,8,instant,phase_controller,0.9221769235897743,0.6229970068005595,0.433775800567162,0.21174545925536664
1,0,2,8,instant,other,0.9999999303212858,8.401328386099464e-08,1.0000000872228951,0.1598411468809065
1,0,2,8,instant,predictor,0.0,0.0,0.0,0.0
1,0,2,16,trace,embedding,0.9999999887635742,1.2910639943955648e-07,0.9999999999943447,0.08893152906047336
1,0,2,16,trace,decoder,0.9999999593057564,9.454397015628372e-08,0.9999999330883946,0.5642667820760021
1,0,2,16,trace,decay,1.000000050027563,2.0259489860323434e-07,0.9999999998912434,0.00024046252754312265
1,0,2,16,trace,phase,1.0000000668594022,2.4022722482617446e-07,1.0000001067481785,0.013851624879648987
1,0,2,16,trace,write,0.4819973304899247,1.4569485228527188,1.646050820241142,0.000306179306969749
1,0,2,16,trace,phase_controller,0.9999999432449355,1.9595220776691212e-07,0.9999999323202552,0.13789201322706404
1,0,2,16,trace,other,1.0000001005547412,1.0072067834211118e-07,0.9999999999961762,0.19451149163320144
1,0,2,16,trace,predictor,0.0,0.0,0.0,0.0
1,0,2,16,instant,embedding,0.9096437141970914,0.41538955293614654,0.9103326991428097,0.08893152906047336
1,0,2,16,instant,decoder,0.9999999593057564,9.454397015628372e-08,0.9999999330883946,0.5642667820760021
1,0,2,16,instant,decay,0.6591274117566985,0.7561631358405959,0.7380689515221779,0.00024046252754312265
1,0,2,16,instant,phase,0.88341879598927,0.48431936338103576,0.7609685131631622,0.013851624879648987
1,0,2,16,instant,write,0.9377009758148265,0.7402390174685463,1.5913351203360424,0.000306179306969749
1,0,2,16,instant,phase_controller,0.8788090522631594,0.4919799131853685,0.7590192942646459,0.13789201322706404
1,0,2,16,instant,other,1.0000001005547412,1.0072067834211118e-07,0.9999999999961762,0.19451149163320144
1,0,2,16,instant,predictor,0.0,0.0,0.0,0.0
1,0,2,32,trace,embedding,0.9999999373362852,1.1870901112605205e-07,0.9999999077741617,0.08827475906581889
1,0,2,32,trace,decoder,0.9999999567054638,1.0341575023179254e-07,0.9999999999975917,0.5829053168218836
1,0,2,32,trace,decay,0.9999999876431547,2.9504873235373916e-07,0.9999998239901362,0.00037904928607227655
1,0,2,32,trace,phase,0.9999999802733032,5.415475025938584e-07,0.9999994963807398,0.011840442954345208
1,0,2,32,trace,write,0.12136813244464152,1.716728014635169,1.5220411082159178,0.0002470650701521456
1,0,2,32,trace,phase_controller,0.9999999714907846,8.968421155571765e-08,0.9999999999946609,0.11860895402516414
1,0,2,32,trace,other,0.9999999747397185,1.2742728999448247e-07,0.9999999383805797,0.19774547159736244
1,0,2,32,trace,predictor,0.0,0.0,0.0,0.0
1,0,2,32,instant,embedding,0.912934984848946,0.40819105070758355,0.9045546915952944,0.08827475906581889
1,0,2,32,instant,decoder,0.9999999567054638,1.0341575023179254e-07,0.9999999999975917,0.5829053168218836
1,0,2,32,instant,decay,0.020992805822261977,1.055104713554027,0.35816768694227513,0.00037904928607227655
1,0,2,32,instant,phase,0.899177366657507,0.47199558541371783,0.7222602756635053,0.011840442954345208
1,0,2,32,instant,write,0.8814305907032868,0.6911776625179412,1.38605517200821,0.0002470650701521456
1,0,2,32,instant,phase_controller,0.8998673315579592,0.471742923784807,0.7201381824224482,0.11860895402516414
1,0,2,32,instant,other,0.9999999747397185,1.2742728999448247e-07,0.9999999383805797,0.19774547159736244
1,0,2,32,instant,predictor,0.0,0.0,0.0,0.0
1,0,2,64,trace,embedding,0.9999999123177288,1.3352752381819697e-07,0.9999999999936857,0.08376901855487053
1,0,2,64,trace,decoder,1.0000001993778898,1.843743295273175e-07,1.0000001484081362,0.5387101062688123
1,0,2,64,trace,decay,0.9999999783982263,1.0378610573712628e-07,0.9999999999212436,0.0005384601798713349
1,0,2,64,trace,phase,0.9999998706200062,4.587993995069806e-07,0.9999995896561302,0.017618071621630812
1,0,2,64,trace,write,0.11678154640158676,1.6121081379755517,1.3866360461948222,0.00025067320083620506
1,0,2,64,trace,phase_controller,0.9999999745282173,1.0214996794556515e-07,0.9999998697334948,0.1748190463181185
1,0,2,64,trace,other,0.9999999823357276,1.9250767010058825e-07,0.999999999995743,0.1842952220582604
1,0,2,64,trace,predictor,0.0,0.0,0.0,0.0
1,0,2,64,instant,embedding,0.9088148684336099,0.41720661455981306,0.9112980333557245,0.08376901855487053
1,0,2,64,instant,decoder,1.0000001993778898,1.843743295273175e-07,1.0000001484081362,0.5387101062688123
1,0,2,64,instant,decay,-0.06291401306339808,1.1098000800815009,0.42248730441749427,0.0005384601798713349
1,0,2,64,instant,phase,0.9003916342894007,0.5105993907143188,0.6331523230392473,0.017618071621630812
1,0,2,64,instant,write,0.8618766122149893,0.7531737773849675,1.4187446960529462,0.00025067320083620506
1,0,2,64,instant,phase_controller,0.8981563919973414,0.5139854637856617,0.6319496802558029,0.1748190463181185
1,0,2,64,instant,other,0.9999999823357276,1.9250767010058825e-07,0.999999999995743,0.1842952220582604
1,0,2,64,instant,predictor,0.0,0.0,0.0,0.0
1,0,2,128,trace,embedding,1.0000000039469918,2.068241771987842e-07,0.9999999999937073,0.08950368432844653
1,0,2,128,trace,decoder,1.0000000068837545,2.3082954678787056e-07,0.9999999999975142,0.5735300513469873
1,0,2,128,trace,decay,1.0000000490494323,2.0890331860357293e-07,0.9999999999207265,0.0005639764427862029
1,0,2,128,trace,phase,0.9999999694197809,4.824037408425188e-07,0.999999507974032,0.013003798571158935
1,0,2,128,trace,write,-0.012537217267104718,1.8758948479262392,1.5746422975679635,0.00020272805244278278
1,0,2,128,trace,phase_controller,0.9999999775924587,1.7690043641259012e-07,0.9999998435538072,0.12862230402645772
1,0,2,128,trace,other,1.0000000628907526,2.41389053966125e-07,1.0000000635926154,0.1945743022663131
1,0,2,128,trace,predictor,0.0,0.0,0.0,0.0
1,0,2,128,instant,embedding,0.9013129793841806,0.43318512557331895,0.8975010066018608,0.08950368432844653
1,0,2,128,instant,decoder,1.0000000068837545,2.3082954678787056e-07,0.9999999999975142,0.5735300513469873
1,0,2,128,instant,decay,-0.03436708671589774,1.099030194427692,0.422851153377779,0.0005639764427862029
1,0,2,128,instant,phase,0.6683932400025218,0.746429395092798,0.7308940119253131,0.013003798571158935
1,0,2,128,instant,write,0.7061252811002833,1.0215632318210264,1.4424704438830107,0.00020272805244278278
1,0,2,128,instant,phase_controller,0.6685128814584467,0.7463143491427009,0.7309185265696521,0.12862230402645772
1,0,2,128,instant,other,1.0000000628907526,2.41389053966125e-07,1.0000000635926154,0.1945743022663131
1,0,2,128,instant,predictor,0.0,0.0,0.0,0.0
1,1,2,2,trace,embedding,0.9999843784415068,0.005598303947297996,1.000190556074873,0.27743650740841513
1,1,2,2,trace,decoder,1.000000050639756,0.0,0.9999999999993109,0.48919226088786844
1,1,2,2,trace,decay,0.9999839292741964,0.0070654984094722295,1.0041979067187141,0.00012577360018426335
1,1,2,2,trace,phase,0.9999999339630228,0.0,0.9999999999943177,0.007193805072921538
1,1,2,2,trace,write,0.9997048741621921,0.024321379616784745,0.9984946718840776,0.0005977011419033909
1,1,2,2,trace,phase_controller,0.9999999153883774,0.0,0.9999999999981928,0.0711124021467118
1,1,2,2,trace,other,0.9999897653076073,0.004508488094900911,0.9997339141436388,0.15434193568772323
1,1,2,2,trace,predictor,0.0,0.0,0.0,0.0
1,1,2,2,instant,embedding,0.8547160704773475,0.5212405669556597,0.9019511545977443,0.27743650740841513
1,1,2,2,instant,decoder,1.000000050639756,0.0,0.9999999999993109,0.48919226088786844
1,1,2,2,instant,decay,0.991617056511965,2.904511228779487,3.893252587523949,0.00012577360018426335
1,1,2,2,instant,phase,0.9999999339630228,0.0,0.9999999999943177,0.007193805072921538
1,1,2,2,instant,write,0.1713966638145293,1.430816191391835,1.208995690278668,0.0005977011419033909
1,1,2,2,instant,phase_controller,0.9999999153883774,0.0,0.9999999999981928,0.0711124021467118
1,1,2,2,instant,other,0.9999897653076073,0.004508488094900911,0.9997339141436388,0.15434193568772323
1,1,2,2,instant,predictor,0.0,0.0,0.0,0.0
1,1,2,4,trace,embedding,0.9999425974997461,0.013000578988182365,0.992600592751356,0.23922087531131692
1,1,2,4,trace,decoder,1.0000000573561711,5.2191843381797515e-08,0.9999999999989523,0.5622006128255064
1,1,2,4,trace,decay,0.9999881767413058,0.009471712437806003,0.991850246317683,0.00011573134776954892
1,1,2,4,trace,phase,0.9999745031817463,0.017865732177135156,0.9836029571619204,0.0036442801029879946
1,1,2,4,trace,write,0.8038883499662438,0.6996126655755553,1.1722556171692833,0.0003827702867382228
1,1,2,4,trace,phase_controller,0.9999744224902197,0.01785924681202411,0.9836092779516263,0.03603246475261527
1,1,2,4,trace,other,0.9999502582825142,0.010089888682041054,0.9983667372527385,0.15840203853764018
1,1,2,4,trace,predictor,0.0,0.0,0.0,0.0
1,1,2,4,instant,embedding,0.8651671603688825,0.501967944772855,0.8872048980370064,0.23922087531131692
1,1,2,4,instant,decoder,1.0000000573561711,5.2191843381797515e-08,0.9999999999989523,0.5622006128255064
1,1,2,4,instant,decay,0.9990332243596731,2.526275082938514,3.5249260174178207,0.00011573134776954892
1,1,2,4,instant,phase,0.9947860730667644,0.17974602389924038,1.1427993136698953,0.0036442801029879946
1,1,2,4,instant,write,0.037341812044959004,1.6193271837759962,1.3115532933742136,0.0003827702867382228
1,1,2,4,instant,phase_controller,0.9947730391196961,0.17983640051457436,1.1428083879224078,0.03603246475261527
1,1,2,4,instant,other,0.9999502582825142,0.010089888682041054,0.9983667372527385,0.15840203853764018
1,1,2,4,instant,predictor,0.0,0.0,0.0,0.0
1,1,2,8,trace,embedding,0.9993355885931131,0.04028385565218397,0.9821605045814906,0.174606622238876
1,1,2,8,trace,decoder,0.9999999755413721,7.283658313516121e-08,0.9999999111121561,0.5894891020109235
1,1,2,8,trace,decay,0.9999895209620261,0.021267946845449276,0.9792229132992686,0.0002754365237005658
1,1,2,8,trace,phase,0.5088524466437463,1.5973134139317087,1.8543416857900752,1.4641135177318846e-05
1,1,2,8,trace,write,0.9237317789563123,0.4165792839883592,0.7599676120728661,0.0006665457620923567
1,1,2,8,trace,phase_controller,0.8295916531899898,0.6601074498675094,1.1816770156283527,0.000846877213065358
1,1,2,8,trace,other,0.9992450839745574,0.03887042590719452,1.0005472718755308,0.23410093021570413
1,1,2,8,trace,predictor,0.0,0.0,0.0,0.0
1,1,2,8,instant,embedding,0.8771122780477536,0.480656765261827,0.8582117012119255,0.174606622238876
1,1,2,8,instant,decoder,0.9999999755413721,7.283658313516121e-08,0.9999999111121561,0.5894891020109235
1,1,2,8,instant,decay,0.027970166776955054,1.8591266081793363,1.595495106635831,0.0002754365237005658
1,1,2,8,instant,phase,0.10588799768848597,9.953848099483185,10.009941902001913,1.4641135177318846e-05
1,1,2,8,instant,write,0.33050892001034204,1.0844003324217961,0.8645130688665567,0.0006665457620923567
1,1,2,8,instant,phase_controller,0.22629722687848508,4.13085172088987,4.2406646032938,0.000846877213065358
1,1,2,8,instant,other,0.9992450839745574,0.03887042590719452,1.0005472718755308,0.23410093021570413
1,1,2,8,instant,predictor,0.0,0.0,0.0,0.0
1,1,2,16,trace,embedding,0.9992676563854577,0.03826164203111763,0.9989990599180476,0.10457657696206059
1,1,2,16,trace,decoder,0.9999999931620801,1.053614482975744e-07,1.0000000662923354,0.4211116191232968
1,1,2,16,trace,decay,0.9999934050055226,0.020943876613206003,1.0206199274941725,0.000662592121237012
1,1,2,16,trace,phase,0.9999324548599217,0.023363962437516827,1.0202004588425722,0.025856029158471374
1,1,2,16,trace,write,0.9705977269066244,0.247528974513725,1.028309296991531,0.0010322793579826484
1,1,2,16,trace,phase_controller,0.9999315217884085,0.02334563800478627,1.0201311953360832,0.2570876630273287
1,1,2,16,trace,other,0.9987896896995672,0.04976252158345009,0.9912686621681941,0.18967387475560424
1,1,2,16,trace,predictor,0.0,0.0,0.0,0.0
1,1,2,16,instant,embedding,0.8630881310498648,0.505700462826102,0.8886688966944009,0.10457657696206059
1,1,2,16,instant,decoder,0.9999999931620801,1.053614482975744e-07,1.0000000662923354,0.4211116191232968
1,1,2,16,instant,decay,0.38834613980369653,0.9868265316430336,0.7413892480308707,0.000662592121237012
1,1,2,16,instant,phase,0.9911445413040949,0.5769567231773072,0.42967630023936043,0.025856029158471374
1,1,2,16,instant,write,-0.21504254810867623,1.1429491626185644,0.37873877860497707,0.0010322793579826484
1,1,2,16,instant,phase_controller,0.9899584430439076,0.5755051974213582,0.4320840167383808,0.2570876630273287
1,1,2,16,instant,other,0.9987896896995672,0.04976252158345009,0.9912686621681941,0.18967387475560424
1,1,2,16,instant,predictor,0.0,0.0,0.0,0.0
1,1,2,32,trace,embedding,0.9988647261662074,0.04775879572369934,0.9954413311075758,0.11216553786464335
1,1,2,32,trace,decoder,0.9999999216950853,1.0868824750716261e-07,1.0000000702523928,0.4916192702876435
1,1,2,32,trace,decay,0.995499934685864,0.09610382715639823,1.0115010051450315,0.0006485997140474307
1,1,2,32,trace,phase,0.9997347781754661,0.06099599987938372,1.0562164578896314,0.02210459919307336
1,1,2,32,trace,write,0.9773096987296224,0.21204243368734807,0.9871219430076943,0.0026200983572394272
1,1,2,32,trace,phase_controller,0.9997354597478327,0.0609573779106161,1.0561871136283945,0.21888038541102747
1,1,2,32,trace,other,0.9958880264274217,0.09185950438248117,1.011095576764407,0.15196159781548238
1,1,2,32,trace,predictor,0.0,0.0,0.0,0.0
1,1,2,32,instant,embedding,0.8388316623471574,0.5447752725794273,0.859295994966721,0.11216553786464335
1,1,2,32,instant,decoder,0.9999999216950853,1.0868824750716261e-07,1.0000000702523928,0.4916192702876435
1,1,2,32,instant,decay,0.14039997508341326,1.0134110293447933,0.356534183698099,0.0006485997140474307
1,1,2,32,instant,phase,0.9643908337253793,0.6066922015609331,0.4183824118921542,0.02210459919307336
1,1,2,32,instant,write,0.1944226832319512,0.9809179375184311,0.19470089466894905,0.0026200983572394272
1,1,2,32,instant,phase_controller,0.9606187188202228,0.6077424192039103,0.42011965776000826,0.21888038541102747
1,1,2,32,instant,other,0.9958880264274217,0.09185950438248117,1.011095576764407,0.15196159781548238
1,1,2,32,instant,predictor,0.0,0.0,0.0,0.0
1,1,2,64,trace,embedding,0.9971784755306682,0.07522220336254294,0.9923250837147584,0.10482560851323816
1,1,2,64,trace,decoder,0.9999999823657337,1.3984909455135428e-07,0.9999999999975924,0.5164125241149204
1,1,2,64,trace,decay,0.9899635068563373,0.18382563976957123,1.1075207735558685,0.00040964336742147514
1,1,2,64,trace,phase,0.9998748358081596,0.07205813284351023,1.0701738920871966,0.020163357097530137
1,1,2,64,trace,write,0.9773168547132823,0.21181847655160504,0.9812369432760318,0.0025208147680940924
1,1,2,64,trace,phase_controller,0.9998698960958721,0.07192465570020411,1.0699611590237548,0.19982483585558825
1,1,2,64,trace,other,0.993732144016103,0.11216279998012481,1.0028945449333804,0.15584409032874064
1,1,2,64,trace,predictor,0.0,0.0,0.0,0.0
1,1,2,64,instant,embedding,0.8496511688225121,0.5275339741690224,0.8637774625405408,0.10482560851323816
1,1,2,64,instant,decoder,0.9999999823657337,1.3984909455135428e-07,0.9999999999975924,0.5164125241149204
1,1,2,64,instant,decay,-0.8443512979123406,1.0392785224352945,0.04617038923126127,0.00040964336742147514
1,1,2,64,instant,phase,0.9229598446223127,0.5690280291514745,0.5038563707675832,0.020163357097530137
1,1,2,64,instant,write,0.4781008346203759,0.9161236876238374,0.21759607598572783,0.0025208147680940924
1,1,2,64,instant,phase_controller,0.9195724074021033,0.5697511049445512,0.5069832888751147,0.19982483585558825
1,1,2,64,instant,other,0.993732144016103,0.11216279998012481,1.0028945449333804,0.15584409032874064
1,1,2,64,instant,predictor,0.0,0.0,0.0,0.0
1,1,2,128,trace,embedding,0.9940785663607793,0.1087752982313317,0.9891006953219855,0.10276732828673875
1,1,2,128,trace,decoder,1.0000001752803165,2.5519078067442105e-07,0.9999999269030159,0.4593408922023362
1,1,2,128,trace,decay,0.9879125499981178,0.18057940633254488,1.0805418680890597,0.00046069836586345206
1,1,2,128,trace,phase,0.9996799949840898,0.13308617778547477,1.1303400828245265,0.027505204481816144
1,1,2,128,trace,write,0.9815655242937976,0.19113070861541537,0.9827758938896269,0.003051443617471353
1,1,2,128,trace,phase_controller,0.9996603473845076,0.13292225786799475,1.1300026454493068,0.27218678655566064
1,1,2,128,trace,other,0.9839225339314785,0.17941759885235162,1.0010659120038996,0.1346887906273289
1,1,2,128,trace,predictor,0.0,0.0,0.0,0.0
1,1,2,128,instant,embedding,0.8146886032974993,0.5804455378575091,0.8398834502213036,0.10276732828673875
1,1,2,128,instant,decoder,1.0000001752803165,2.5519078067442105e-07,0.9999999269030159,0.4593408922023362
1,1,2,128,instant,decay,-0.4365711239323938,1.0510693708532415,0.10688189874460693,0.00046069836586345206
1,1,2,128,instant,phase,0.8693582845690482,0.6353496560066991,0.47004259034716606,0.027505204481816144
1,1,2,128,instant,write,0.42375057688894413,0.9254676940675968,0.23386904755195592,0.003051443617471353
1,1,2,128,instant,phase_controller,0.8661248403660505,0.6362727771480964,0.4724049635746155,0.27218678655566064
1,1,2,128,instant,other,0.9839225339314785,0.17941759885235162,1.0010659120038996,0.1346887906273289
1,1,2,128,instant,predictor,0.0,0.0,0.0,0.0
2,0,2,2,trace,embedding,0.9817650242181728,0.2392881828758796,0.8364336068863513,0.11940037802614221
2,0,2,2,trace,decoder,0.9999999374663393,0.0,0.9999999999993329,0.5556684013684445
2,0,2,2,trace,decay,0.9985484932894548,0.05426977833852875,0.9918859669095018,0.0003717325355290684
2,0,2,2,trace,phase,1.0000000669837381,0.0,0.9999999999855931,0.0011914198895706819
2,0,2,2,trace,write,0.9710145803507305,0.25307372589151256,0.887854444848774,0.0021837730279442554
2,0,2,2,trace,phase_controller,1.000000020862405,0.0,0.9999999999957506,0.013695237770758447
2,0,2,2,trace,other,0.9867110021379469,0.1799746315397939,0.9093175371097778,0.30749114000377786
2,0,2,2,trace,predictor,0.0,0.0,0.0,0.0
2,0,2,2,instant,embedding,0.9481906935946338,0.3523450114835549,0.7958339137685435,0.11940037802614221
2,0,2,2,instant,decoder,0.9999999374663393,0.0,0.9999999999993329,0.5556684013684445
2,0,2,2,instant,decay,0.6855982639265353,0.7354443578224956,0.7901135779945581,0.0003717325355290684
2,0,2,2,instant,phase,1.0000000669837381,0.0,0.9999999999855931,0.0011914198895706819
2,0,2,2,instant,write,0.836477407084478,0.5747658705346294,0.6631274673798103,0.0021837730279442554
2,0,2,2,instant,phase_controller,1.000000020862405,0.0,0.9999999999957506,0.013695237770758447
2,0,2,2,instant,other,0.9867110021379469,0.1799746315397939,0.9093175371097778,0.30749114000377786
2,0,2,2,instant,predictor,0.0,0.0,0.0,0.0
2,0,2,4,trace,embedding,0.9734992244058112,0.23565180454056353,0.9166431466671473,0.09140516307685365
2,0,2,4,trace,decoder,1.000000042570341,5.2307677728033084e-08,0.9999999999989793,0.4724047987786823
2,0,2,4,trace,decay,0.9930083476391302,0.1407765160873539,0.9163031053591281,0.0011140121432506615
2,0,2,4,trace,phase,0.994352532167577,0.14233729297943662,0.8995017335380934,0.011933000392023297
2,0,2,4,trace,write,0.9663513619339968,0.25723119649974946,0.967944726651649,0.0030963135877043967
2,0,2,4,trace,phase_controller,0.9944491560190882,0.13681905647258552,0.906991328338318,0.12772729456448428
2,0,2,4,trace,other,0.979375059913418,0.20485978038161826,0.9455661221513433,0.2923193143771841
2,0,2,4,trace,predictor,0.0,0.0,0.0,0.0
2,0,2,4,instant,embedding,0.9000354044205682,0.43744850641978855,0.862284392625678,0.09140516307685365
2,0,2,4,instant,decoder,1.000000042570341,5.2307677728033084e-08,0.9999999999989793,0.4724047987786823
2,0,2,4,instant,decay,0.9729203576618003,0.3386697027907779,0.7253900271879302,0.0011140121432506615
2,0,2,4,instant,phase,0.9170684199707206,0.4560721026359603,0.6956722032007339,0.011933000392023297
2,0,2,4,instant,write,0.9060256863638559,0.4507125325025736,0.7510283712766231,0.0030963135877043967
2,0,2,4,instant,phase_controller,0.9140755844424336,0.44158403763912174,0.7393444243821657,0.12772729456448428
2,0,2,4,instant,other,0.979375059913418,0.20485978038161826,0.9455661221513433,0.2923193143771841
2,0,2,4,instant,predictor,0.0,0.0,0.0,0.0
2,0,2,8,trace,embedding,0.928219547085651,0.43311669816929477,0.7064504683027122,0.10396341105235127
2,0,2,8,trace,decoder,0.9999999650223079,8.41317337312347e-08,0.9999999098514668,0.18321395597714502
2,0,2,8,trace,decay,0.9956398366061924,0.09357954509075486,1.0031068403546555,0.0006075859122138716
2,0,2,8,trace,phase,0.91694148032575,0.40023493564518564,0.8858019989423236,0.052253711202392396
2,0,2,8,trace,write,0.7582356348712762,0.6687014108914535,0.9068396520364592,0.0012184333594066515
2,0,2,8,trace,phase_controller,0.9209512898796675,0.3907053525611002,0.892633278993151,0.5464281738718407
2,0,2,8,trace,other,0.7976904401905357,0.6032646715570954,0.8131236920527515,0.11231520594573184
2,0,2,8,trace,predictor,0.0,0.0,0.0,0.0
2,0,2,8,instant,embedding,0.6959233727604828,0.733730044043588,0.5453620448960266,0.10396341105235127
2,0,2,8,instant,decoder,0.9999999650223079,8.41317337312347e-08,0.9999999098514668,0.18321395597714502
2,0,2,8,instant,decay,0.8046459212338822,0.5937680724665859,0.8086188281848233,0.0006075859122138716
2,0,2,8,instant,phase,0.8594747260073021,0.8297335215653351,0.20590409585208028,0.052253711202392396
2,0,2,8,instant,write,0.5730148029665324,0.8402348201505695,0.7583274348340142,0.0012184333594066515
2,0,2,8,instant,phase_controller,0.8339365590913187,0.8169702834985331,0.2315325903292631,0.5464281738718407
2,0,2,8,instant,other,0.7976904401905357,0.6032646715570954,0.8131236920527515,0.11231520594573184
2,0,2,8,instant,predictor,0.0,0.0,0.0,0.0
2,0,2,16,trace,embedding,0.9021940650102998,0.4650112166894012,0.7284429663973874,0.16849700942428725
2,0,2,16,trace,decoder,1.0000000559694013,9.614550832822575e-08,0.9999999338392025,0.29784668076151866
2,0,2,16,trace,decay,0.995723891264505,0.19012267201990868,0.8295536496237981,0.001602741884558824
2,0,2,16,trace,phase,0.5293504462255132,0.972410464227174,1.00452843950037,0.019945270374752657
2,0,2,16,trace,write,0.7507725378620705,0.6999257015712578,0.9821920549500196,0.0017273972700526281
2,0,2,16,trace,phase_controller,0.6667990084973243,0.8180197570864205,1.0041076022262458,0.2790854953709404
2,0,2,16,trace,other,0.9313669745855147,0.36879805951043226,0.8725744642748289,0.23129693694881764
2,0,2,16,trace,predictor,0.0,0.0,0.0,0.0
2,0,2,16,instant,embedding,0.6970524070996735,0.7281098609397364,0.5704578295686517,0.16849700942428725
2,0,2,16,instant,decoder,1.0000000559694013,9.614550832822575e-08,0.9999999338392025,0.29784668076151866
2,0,2,16,instant,decay,0.7631427981536927,0.6895376592222787,0.5226245527201118,0.001602741884558824
2,0,2,16,instant,phase,-0.046356654999887385,1.0628994885241208,0.31682982773301693,0.019945270374752657
2,0,2,16,instant,write,0.38964559844522023,0.9582676851270775,0.6544103793447746,0.0017273972700526281
2,0,2,16,instant,phase_controller,0.2169951627922298,0.9820366558026203,0.32415334355671493,0.2790854953709404
2,0,2,16,instant,other,0.9313669745855147,0.36879805951043226,0.8725744642748289,0.23129693694881764
2,0,2,16,instant,predictor,0.0,0.0,0.0,0.0
2,0,2,32,trace,embedding,0.9467906281675383,0.37614695532500436,0.7521152608027345,0.08173398085977303
2,0,2,32,trace,decoder,0.9999999870485782,1.1165572153666532e-07,0.9999999999976895,0.2025610643326377
2,0,2,32,trace,decay,0.9529590059093788,0.3213926589501192,0.8460754371851918,0.00024831729099410746
2,0,2,32,trace,phase,0.9968479484875065,0.08977546880392298,0.9548317068766349,0.054170418492684086
2,0,2,32,trace,write,0.836585861459297,0.649315368553294,1.1851343735531257,0.00047774784631080187
2,0,2,32,trace,phase_controller,0.9953006949347604,0.10586564496319466,0.9525108490991576,0.5507454672442854
2,0,2,32,trace,other,0.978992889619872,0.20412185768803898,0.9693447737879133,0.1100633017518623
2,0,2,32,trace,predictor,0.0,0.0,0.0,0.0
2,0,2,32,instant,embedding,0.6983521990957363,0.7201594319775895,0.6188208481313948,0.08173398085977303
2,0,2,32,instant,decoder,0.9999999870485782,1.1165572153666532e-07,0.9999999999976895,0.2025610643326377
2,0,2,32,instant,decay,0.788953327299501,0.6183397449132735,0.8581734903924974,0.00024831729099410746
2,0,2,32,instant,phase,0.4335784260471952,0.947878021855701,0.13953251959383736,0.054170418492684086
2,0,2,32,instant,write,0.47974012928373555,1.0250226709367223,1.0096664845654246,0.00047774784631080187
2,0,2,32,instant,phase_controller,0.36254777356613244,0.9517974870197528,0.16926192039620538,0.5507454672442854
2,0,2,32,instant,other,0.978992889619872,0.20412185768803898,0.9693447737879133,0.1100633017518623
2,0,2,32,instant,predictor,0.0,0.0,0.0,0.0
2,0,2,64,trace,embedding,0.9052862651000713,0.4469118030917457,0.7664559638713516,0.05987285904347437
2,0,2,64,trace,decoder,0.9999999531644692,1.7985112542315404e-07,1.0000000704919898,0.12744811830805583
2,0,2,64,trace,decay,0.9755681678918818,0.2229558657618445,0.9375887477019582,0.0004724263732724509
2,0,2,64,trace,phase,0.991518112870923,0.22314018552877957,0.8101348119962718,0.06597282307381255
2,0,2,64,trace,write,0.7976483438603057,0.6995370343369147,1.1520425753261394,0.00036469668084117236
2,0,2,64,trace,phase_controller,0.9885830168245048,0.234990571179731,0.8082583352022581,0.6685950977688822
2,0,2,64,trace,other,0.9832400078209051,0.1826551032809231,0.9943732382955702,0.07727433606233736
2,0,2,64,trace,predictor,0.0,0.0,0.0,0.0
2,0,2,64,instant,embedding,0.6240308142873167,0.7814110316096132,0.6282371397359624,0.05987285904347437
2,0,2,64,instant,decoder,0.9999999531644692,1.7985112542315404e-07,1.0000000704919898,0.12744811830805583
2,0,2,64,instant,decay,0.5554347752070249,0.8525427425276264,0.36745352044957214,0.0004724263732724509
2,0,2,64,instant,phase,0.5957293221458544,0.9464819164199353,0.09500824699691157,0.06597282307381255
2,0,2,64,instant,write,0.39276395791418556,1.0249039434400924,0.8451928913275477,0.00036469668084117236
2,0,2,64,instant,phase_controller,0.4652670090262633,0.9507063074133301,0.11840140335054827,0.6685950977688822
2,0,2,64,instant,other,0.9832400078209051,0.1826551032809231,0.9943732382955702,0.07727433606233736
2,0,2,64,instant,predictor,0.0,0.0,0.0,0.0
2,0,2,128,trace,embedding,0.8972779067780928,0.46134663316437496,0.7633063961131633,0.04791544884975017
2,0,2,128,trace,decoder,0.9999999086489612,2.3298212741056976e-07,0.9999998582814567,0.096316483765779
2,0,2,128,trace,decay,0.9794400943062525,0.20282973210105343,1.0004878387079448,0.00031454177356335486
2,0,2,128,trace,phase,0.9862407638050301,0.2565078408376816,0.790110281241109,0.07170090657984952
2,0,2,128,trace,write,0.8343820685566061,0.6158291238837972,1.1090435096188176,0.0003381976865370336
2,0,2,128,trace,phase_controller,0.9838990403239048,0.2640083750584011,0.789585869153988,0.7214015826479868
2,0,2,128,trace,other,0.9800964889816298,0.1989152176742599,0.9926093403348523,0.06201273715482259
2,0,2,128,trace,predictor,0.0,0.0,0.0,0.0
2,0,2,128,instant,embedding,0.6023288385403753,0.798533405127502,0.6236728213030802,0.04791544884975017
2,0,2,128,instant,decoder,0.9999999086489612,2.3298212741056976e-07,0.9999998582814567,0.096316483765779
2,0,2,128,instant,decay,0.5542680977390444,0.8703278105543311,0.2999382006212231,0.00031454177356335486
2,0,2,128,instant,phase,0.5318269660396314,0.9562553422532374,0.08768275155143528,0.07170090657984952
2,0,2,128,instant,write,0.4127276432739891,0.9795749599092528,0.7731601073866634,0.0003381976865370336
2,0,2,128,instant,phase_controller,0.43101971500989283,0.9596156222155451,0.10446176308500627,0.7214015826479868
2,0,2,128,instant,other,0.9800964889816298,0.1989152176742599,0.9926093403348523,0.06201273715482259
2,0,2,128,instant,predictor,0.0,0.0,0.0,0.0
2,1,2,2,trace,embedding,0.9969392777299182,0.08361037414826843,0.967297534149641,0.1505843391221824
2,1,2,2,trace,decoder,1.0000000116957357,0.0,0.99999999999914,0.540572794051195
2,1,2,2,trace,decay,0.9994126102814934,0.03471778331532851,1.0049856830165163,0.00018460127600226293
2,1,2,2,trace,phase,1.000000016293015,0.0,0.9999999999463772,0.0001390229453815507
2,1,2,2,trace,write,0.9767111241835208,0.22299005595615726,1.0374517221618995,0.0003114572007244665
2,1,2,2,trace,phase_controller,1.000000045690429,0.0,0.9999999999851005,0.0018007222715805823
2,1,2,2,trace,other,0.9994482037219536,0.03408860634316336,0.9917775018234263,0.3064078923221519
2,1,2,2,trace,predictor,0.0,0.0,0.0,0.0
2,1,2,2,instant,embedding,0.9847757220940853,0.17843866464303174,0.9444806249173707,0.1505843391221824
2,1,2,2,instant,decoder,1.0000000116957357,0.0,0.99999999999914,0.540572794051195
2,1,2,2,instant,decay,0.837927695956172,0.5586502077613597,0.7187091397065317,0.00018460127600226293
2,1,2,2,instant,phase,1.000000016293015,0.0,0.9999999999463772,0.0001390229453815507
2,1,2,2,instant,write,0.8232783390261524,0.5676387689205973,0.8223956812836,0.0003114572007244665
2,1,2,2,instant,phase_controller,1.000000045690429,0.0,0.9999999999851005,0.0018007222715805823
2,1,2,2,instant,other,0.9994482037219536,0.03408860634316336,0.9917775018234263,0.3064078923221519
2,1,2,2,instant,predictor,0.0,0.0,0.0,0.0
2,1,2,4,trace,embedding,0.9745905400781162,0.22879190660522963,0.9279808974061734,0.07905654081256323
2,1,2,4,trace,decoder,0.9999999700635017,5.1615359929485247e-08,1.0000000740611024,0.30704882930668087
2,1,2,4,trace,decay,0.9991258257808244,0.041951342270208906,1.0026231275176094,0.0017276051638001888
2,1,2,4,trace,phase,0.998063982184582,0.06405640401498097,0.9827176194620736,0.03506648683567809
2,1,2,4,trace,write,0.6303409966604491,0.8901950103580899,1.06597508747,0.004478553703914704
2,1,2,4,trace,phase_controller,0.9981084489099913,0.06355292787896781,0.9819954682907633,0.36604581233211103
2,1,2,4,trace,other,0.9423324007491806,0.3350915372435158,0.9256905553277653,0.206576674650449
2,1,2,4,trace,predictor,0.0,0.0,0.0,0.0
2,1,2,4,instant,embedding,0.7071545779450582,0.7237198880122843,0.861550290989987,0.07905654081256323
2,1,2,4,instant,decoder,0.9999999700635017,5.1615359929485247e-08,1.0000000740611024,0.30704882930668087
2,1,2,4,instant,decay,0.9797772082763185,0.3994665869136482,1.3255176182594524,0.0017276051638001888
2,1,2,4,instant,phase,0.9917258738547139,0.436945231824702,0.5740640577921808,0.03506648683567809
2,1,2,4,instant,write,0.6921426193915419,0.7551841417849483,0.9143238053998369,0.004478553703914704
2,1,2,4,instant,phase_controller,0.9791287345995572,0.42614105328113705,0.6045765856494637,0.36604581233211103
2,1,2,4,instant,other,0.9423324007491806,0.3350915372435158,0.9256905553277653,0.206576674650449
2,1,2,4,instant,predictor,0.0,0.0,0.0,0.0
2,1,2,8,trace,embedding,0.9699272942028875,0.24576598853002468,0.9358743202042946,0.06037492373459123
2,1,2,8,trace,decoder,1.0000000291945292,7.36131199436969e-08,0.9999999053662961,0.1111696870067993
2,1,2,8,trace,decay,0.9997394155532892,0.05481360208274388,0.9499045771377567,0.0008703041060575778
2,1,2,8,trace,phase,0.9999569739252119,0.014139596794284354,0.9892925892339923,0.06519761275531849
2,1,2,8,trace,write,0.7983105317315227,0.6032801717897036,0.7630000125476214,0.003126805282971392
2,1,2,8,trace,phase_controller,0.9998273841824032,0.02298863839750181,0.9863012473251467,0.6696650396735284
2,1,2,8,trace,other,0.9448337754988209,0.32756542169703906,0.9479303877617897,0.0895953350511185
2,1,2,8,trace,predictor,0.0,0.0,0.0,0.0
2,1,2,8,instant,embedding,0.7171602014800545,0.7091043525914124,0.5862107643891883,0.06037492373459123
2,1,2,8,instant,decoder,1.0000000291945292,7.36131199436969e-08,0.9999999053662961,0.1111696870067993
2,1,2,8,instant,decay,0.9629071743526534,0.280305844418633,0.8870011691228316,0.0008703041060575778
2,1,2,8,instant,phase,0.9545740546351572,0.6998477978307711,0.32132955148919,0.06519761275531849
2,1,2,8,instant,write,0.5461543135133081,0.840149179758659,0.48184675274131694,0.003126805282971392
2,1,2,8,instant,phase_controller,0.9531843848767146,0.6962878040511625,0.3259866748641823,0.6696650396735284
2,1,2,8,instant,other,0.9448337754988209,0.32756542169703906,0.9479303877617897,0.0895953350511185
2,1,2,8,instant,predictor,0.0,0.0,0.0,0.0
2,1,2,16,trace,embedding,0.9242134587303721,0.3844175913993084,0.9683364530955116,0.06203819157885045
2,1,2,16,trace,decoder,1.0000000133588849,1.1269547498739045e-07,1.0000000673543494,0.15745374239136692
2,1,2,16,trace,decay,0.9637875558714017,0.30238497913089835,0.8212291997274973,0.0011493693573567702
2,1,2,16,trace,phase,0.9810345858410598,0.19475116568499354,0.9621345971114709,0.059908196683148354
2,1,2,16,trace,write,0.8816997896369388,0.4764665938088454,0.8152533861591004,0.0038845824930892033
2,1,2,16,trace,phase_controller,0.9818608318449383,0.19062475578997595,0.9621481764863999,0.61878950336677
2,1,2,16,trace,other,0.9040497336404767,0.42770013962886927,0.9193271877274963,0.09677628303888891
2,1,2,16,trace,predictor,0.0,0.0,0.0,0.0
2,1,2,16,instant,embedding,0.6324539294948993,0.7746449326064094,0.6239276833861066,0.06203819157885045
2,1,2,16,instant,decoder,1.0000000133588849,1.1269547498739045e-07,1.0000000673543494,0.15745374239136692
2,1,2,16,instant,decay,0.5325921892708089,0.8517041576329692,0.6277476217349147,0.0011493693573567702
2,1,2,16,instant,phase,0.7258477523069986,0.8315648579853127,0.25856298524644006,0.059908196683148354
2,1,2,16,instant,write,0.6044081827653907,0.8118481056184299,0.4481823744840347,0.0038845824930892033
2,1,2,16,instant,phase_controller,0.734071445455058,0.8228506309182829,0.2693735759379852,0.61878950336677
2,1,2,16,instant,other,0.9040497336404767,0.42770013962886927,0.9193271877274963,0.09677628303888891
2,1,2,16,instant,predictor,0.0,0.0,0.0,0.0
2,1,2,32,trace,embedding,0.9418090043817539,0.3375920533016886,0.9730050492648279,0.04262230392494383
2,1,2,32,trace,decoder,1.000000064108767,9.403012704044627e-08,0.9999999999976559,0.12823710665010554
2,1,2,32,trace,decay,0.9840501251126669,0.2953077388552901,0.7483356621075579,0.0004819368564666362
2,1,2,32,trace,phase,0.9957016047395884,0.09519620567019656,0.9736957674737415,0.0664464909186182
2,1,2,32,trace,write,0.8641002688127343,0.5044274053930196,0.83068747260895,0.001706646508205324
2,1,2,32,trace,phase_controller,0.9955037123652476,0.09733132812397985,0.9731143006329873,0.678083819368154
2,1,2,32,trace,other,0.9171859066278718,0.4017549947280985,0.865829874339194,0.08242196254508265
2,1,2,32,trace,predictor,0.0,0.0,0.0,0.0
2,1,2,32,instant,embedding,0.7067904710141897,0.7116046902864859,0.629759773170539,0.04262230392494383
2,1,2,32,instant,decoder,1.000000064108767,9.403012704044627e-08,0.9999999999976559,0.12823710665010554
2,1,2,32,instant,decay,0.39092276031791534,0.9995976529159759,0.7808151612102407,0.0004819368564666362
2,1,2,32,instant,phase,0.9093939094890503,0.7610318755485999,0.27208160882471144,0.0664464909186182
2,1,2,32,instant,write,0.5019025737673912,0.865414157839008,0.472781728934291,0.001706646508205324
2,1,2,32,instant,phase_controller,0.9077880539822918,0.7569360820630293,0.27768374846562643,0.678083819368154
2,1,2,32,instant,other,0.9171859066278718,0.4017549947280985,0.865829874339194,0.08242196254508265
2,1,2,32,instant,predictor,0.0,0.0,0.0,0.0
2,1,2,64,trace,embedding,0.9448443981832286,0.32763133267551975,0.9362994244465609,0.049833496551068675
2,1,2,64,trace,decoder,0.9999998202276409,1.793670921874252e-07,0.9999998555772701,0.14548077441022306
2,1,2,64,trace,decay,0.9823834600837972,0.3000455121086561,0.7476395511909986,0.0007700964253732189
2,1,2,64,trace,phase,0.9878701229663868,0.16689310883717548,1.0490292381959314,0.06172804518392308
2,1,2,64,trace,write,0.8245001754312775,0.566809078185518,0.8572572604227564,0.001533523323875558
2,1,2,64,trace,phase_controller,0.9876423099448897,0.1679767334553837,1.0480859192524308,0.6287611674740745
2,1,2,64,trace,other,0.9189024299144906,0.39757813524612096,0.8693986190084669,0.11189268218664274
2,1,2,64,trace,predictor,0.0,0.0,0.0,0.0
2,1,2,64,instant,embedding,0.6884811230950895,0.7289700600441893,0.6149724686447529,0.049833496551068675
2,1,2,64,instant,decoder,0.9999998202276409,1.793670921874252e-07,0.9999998555772701,0.14548077441022306
2,1,2,64,instant,decay,0.41517272631992197,0.9353528795485732,0.6325513937185586,0.0007700964253732189
2,1,2,64,instant,phase,0.9073777201105251,0.7401799461411099,0.2981152846348157,0.06172804518392308
2,1,2,64,instant,write,0.47827140167496673,0.8784276859345871,0.497730371140617,0.001533523323875558
2,1,2,64,instant,phase_controller,0.9041362044757526,0.7352587050331951,0.3057487167071902,0.6287611674740745
2,1,2,64,instant,other,0.9189024299144906,0.39757813524612096,0.8693986190084669,0.11189268218664274
2,1,2,64,instant,predictor,0.0,0.0,0.0,0.0
2,1,2,128,trace,embedding,0.9270536142752599,0.37664532328119643,0.9629742373603761,0.050650401897292405
2,1,2,128,trace,decoder,0.9999999530110866,2.2539858385043062e-07,0.9999999274580941,0.1635968273844435
2,1,2,128,trace,decay,0.9842713985639232,0.30797090161504387,0.7320093582950508,0.00102546255909798
2,1,2,128,trace,phase,0.9742359261368676,0.2743725246908363,1.13049322804152,0.05761229928207375
2,1,2,128,trace,write,0.8584138632391365,0.5174962529638613,0.9268000417558088,0.0012750887366995754
2,1,2,128,trace,phase_controller,0.9733803859549863,0.2767927767618112,1.128569691460572,0.5872651383430257
2,1,2,128,trace,other,0.9075809027141517,0.42557973249241804,0.8381494589309371,0.13857468962755484
2,1,2,128,trace,predictor,0.0,0.0,0.0,0.0
2,1,2,128,instant,embedding,0.696176651719736,0.7195926527276342,0.6464260641733357,0.050650401897292405
2,1,2,128,instant,decoder,0.9999999530110866,2.2539858385043062e-07,0.9999999274580941,0.1635968273844435
2,1,2,128,instant,decay,0.36787053009266457,0.9630159088353701,0.6183268502621112,0.00102546255909798
2,1,2,128,instant,phase,0.9486478377515644,0.7136309407363649,0.3089589648921417,0.05761229928207375
2,1,2,128,instant,write,0.4474931314600881,0.9043645396780922,0.5821228156163011,0.0012750887366995754
2,1,2,128,instant,phase_controller,0.943760914934543,0.7087504064093996,0.31685447685323365,0.5872651383430257
2,1,2,128,instant,other,0.9075809027141517,0.42557973249241804,0.8381494589309371,0.13857468962755484
2,1,2,128,instant,predictor,0.0,0.0,0.0,0.0
